-- phpMyAdmin SQL Dump
-- version 5.0.4
-- https://www.phpmyadmin.net/
--
-- Host: 127.0.0.1
-- Generation Time: Dec 17, 2020 at 03:28 AM
-- Server version: 10.4.16-MariaDB
-- PHP Version: 7.4.12

SET SQL_MODE = "NO_AUTO_VALUE_ON_ZERO";
START TRANSACTION;
SET time_zone = "+00:00";


/*!40101 SET @OLD_CHARACTER_SET_CLIENT=@@CHARACTER_SET_CLIENT */;
/*!40101 SET @OLD_CHARACTER_SET_RESULTS=@@CHARACTER_SET_RESULTS */;
/*!40101 SET @OLD_COLLATION_CONNECTION=@@COLLATION_CONNECTION */;
/*!40101 SET NAMES utf8mb4 */;

--
-- Database: `iot_project_improve`
--

-- --------------------------------------------------------

--
-- Table structure for table `cambien`
--

CREATE TABLE `cambien` (
  `ma_cambien` int(11) NOT NULL,
  `ten_cambien` varchar(255) NOT NULL,
  `ma_donvi` int(11) NOT NULL,
  `ma_tram` int(11) NOT NULL,
  `nguon_tren` int(11) NOT NULL,
  `nguon_duoi` int(11) NOT NULL,
  `mau` varchar(11) NOT NULL
) ENGINE=InnoDB DEFAULT CHARSET=utf8mb4;

--
-- Dumping data for table `cambien`
--

INSERT INTO `cambien` (`ma_cambien`, `ten_cambien`, `ma_donvi`, `ma_tram`, `nguon_tren`, `nguon_duoi`, `mau`) VALUES
(1, 'Nhiệt Độ', 1, 1, 40, 0, '#f96c01'),
(2, 'Độ ẩm', 6, 1, 16, 0, '#fb5913'),
(3, 'Nhiệt độ', 2, 2, 7, 0, '#ffc21a'),
(4, 'Độ ẩm', 6, 2, 20, 9, '#6ddfad'),
(5, 'LPG', 4, 1, 20, 0, '#d53030'),
(6, 'CO2', 2, 1, 30, 0, '#f22121');

-- --------------------------------------------------------

--
-- Table structure for table `chucnang`
--

CREATE TABLE `chucnang` (
  `ma_chucnang` int(11) NOT NULL,
  `ten_chucnang` varchar(100) NOT NULL
) ENGINE=InnoDB DEFAULT CHARSET=utf8mb4;

--
-- Dumping data for table `chucnang`
--

INSERT INTO `chucnang` (`ma_chucnang`, `ten_chucnang`) VALUES
(1, 'Tổng Quan'),
(2, 'Nhân Sự'),
(3, 'Trạm Quan Trắc'),
(4, 'Cài đặt & phân quyền');

-- --------------------------------------------------------

--
-- Table structure for table `donvido`
--

CREATE TABLE `donvido` (
  `ma_donvi` int(11) NOT NULL,
  `ten_donvi` varchar(255) NOT NULL
) ENGINE=InnoDB DEFAULT CHARSET=utf8mb4;

--
-- Dumping data for table `donvido`
--

INSERT INTO `donvido` (`ma_donvi`, `ten_donvi`) VALUES
(1, '°C'),
(2, 'ppm'),
(3, 'aaaa'),
(4, 'pppp'),
(5, 'don vi so 5'),
(6, '%'),
(7, 'thêm đơn vị mới');

-- --------------------------------------------------------

--
-- Table structure for table `giatri`
--

CREATE TABLE `giatri` (
  `ma_cambien` int(11) NOT NULL,
  `giatri` double NOT NULL,
  `thoigian` datetime NOT NULL
) ENGINE=InnoDB DEFAULT CHARSET=utf8mb4;

--
-- Dumping data for table `giatri`
--

INSERT INTO `giatri` (`ma_cambien`, `giatri`, `thoigian`) VALUES
(1, 11, '2020-12-10 09:17:46'),
(2, 12, '2020-12-10 09:17:46'),
(3, 38, '2020-12-10 09:17:46'),
(4, 0, '2020-12-10 09:17:46'),
(5, 18, '2020-12-10 09:17:46'),
(6, 49, '2020-12-10 09:17:46'),
(1, 5, '2020-12-10 09:17:48'),
(2, 13, '2020-12-10 09:17:48'),
(3, 83, '2020-12-10 09:17:48'),
(4, 49, '2020-12-10 09:17:48'),
(5, 24, '2020-12-10 09:17:48'),
(6, 38, '2020-12-10 09:17:48'),
(1, 9, '2020-12-10 09:17:49'),
(2, 12, '2020-12-10 09:17:49'),
(3, 23, '2020-12-10 09:17:49'),
(4, 38, '2020-12-10 09:17:49'),
(5, 6, '2020-12-10 09:17:49'),
(6, 30, '2020-12-10 09:17:49'),
(1, 29, '2020-12-10 09:17:50'),
(2, 27, '2020-12-10 09:17:50'),
(3, 20, '2020-12-10 09:17:50'),
(4, 25, '2020-12-10 09:17:50'),
(5, 9, '2020-12-10 09:17:50'),
(6, 20, '2020-12-10 09:17:50'),
(1, 28, '2020-12-10 09:17:51'),
(2, 38, '2020-12-10 09:17:51'),
(3, 52, '2020-12-10 09:17:51'),
(4, 8, '2020-12-10 09:17:51'),
(5, 12, '2020-12-10 09:17:51'),
(6, 49, '2020-12-10 09:17:51'),
(1, 22, '2020-12-10 09:17:52'),
(2, 25, '2020-12-10 09:17:52'),
(3, 81, '2020-12-10 09:17:52'),
(4, 19, '2020-12-10 09:17:52'),
(5, 42, '2020-12-10 09:17:52'),
(6, 7, '2020-12-10 09:17:52'),
(1, 11, '2020-12-10 09:17:53'),
(2, 24, '2020-12-10 09:17:53'),
(3, 96, '2020-12-10 09:17:53'),
(4, 37, '2020-12-10 09:17:53'),
(5, 30, '2020-12-10 09:17:53'),
(6, 25, '2020-12-10 09:17:53'),
(1, 26, '2020-12-10 09:17:54'),
(2, 17, '2020-12-10 09:17:54'),
(3, 31, '2020-12-10 09:17:54'),
(4, 25, '2020-12-10 09:17:54'),
(5, 11, '2020-12-10 09:17:54'),
(6, 1, '2020-12-10 09:17:54'),
(1, 14, '2020-12-10 09:17:55'),
(2, 10, '2020-12-10 09:17:55'),
(3, 58, '2020-12-10 09:17:55'),
(4, 49, '2020-12-10 09:17:55'),
(5, 45, '2020-12-10 09:17:55'),
(6, 10, '2020-12-10 09:17:55'),
(1, 14, '2020-12-10 09:17:56'),
(2, 47, '2020-12-10 09:17:56'),
(3, 17, '2020-12-10 09:17:56'),
(4, 14, '2020-12-10 09:17:56'),
(5, 45, '2020-12-10 09:17:56'),
(6, 43, '2020-12-10 09:17:56'),
(1, 1, '2020-12-10 09:17:57'),
(2, 35, '2020-12-10 09:17:57'),
(3, 23, '2020-12-10 09:17:57'),
(4, 21, '2020-12-10 09:17:57'),
(5, 34, '2020-12-10 09:17:57'),
(6, 24, '2020-12-10 09:17:57'),
(1, 19, '2020-12-10 09:17:58'),
(2, 17, '2020-12-10 09:17:58'),
(3, 24, '2020-12-10 09:17:58'),
(4, 34, '2020-12-10 09:17:58'),
(5, 21, '2020-12-10 09:17:58'),
(6, 16, '2020-12-10 09:17:58'),
(1, 15, '2020-12-10 09:17:59'),
(2, 21, '2020-12-10 09:17:59'),
(3, 43, '2020-12-10 09:17:59'),
(4, 5, '2020-12-10 09:17:59'),
(5, 38, '2020-12-10 09:17:59'),
(6, 7, '2020-12-10 09:17:59'),
(1, 24, '2020-12-10 09:18:00'),
(2, 39, '2020-12-10 09:18:00'),
(3, 84, '2020-12-10 09:18:00'),
(4, 8, '2020-12-10 09:18:00'),
(5, 39, '2020-12-10 09:18:00'),
(6, 23, '2020-12-10 09:18:00'),
(1, 27, '2020-12-10 09:18:01'),
(2, 13, '2020-12-10 09:18:01'),
(3, 51, '2020-12-10 09:18:01'),
(4, 39, '2020-12-10 09:18:01'),
(5, 41, '2020-12-10 09:18:01'),
(6, 36, '2020-12-10 09:18:01'),
(1, 24, '2020-12-10 09:18:02'),
(2, 17, '2020-12-10 09:18:02'),
(3, 32, '2020-12-10 09:18:02'),
(4, 37, '2020-12-10 09:18:02'),
(5, 23, '2020-12-10 09:18:02'),
(6, 46, '2020-12-10 09:18:02'),
(1, 4, '2020-12-10 09:18:03'),
(2, 12, '2020-12-10 09:18:03'),
(3, 17, '2020-12-10 09:18:03'),
(4, 11, '2020-12-10 09:18:03'),
(5, 6, '2020-12-10 09:18:03'),
(6, 6, '2020-12-10 09:18:03'),
(1, 10, '2020-12-10 09:18:04'),
(2, 9, '2020-12-10 09:18:04'),
(3, 84, '2020-12-10 09:18:04'),
(4, 39, '2020-12-10 09:18:04'),
(5, 9, '2020-12-10 09:18:04'),
(6, 24, '2020-12-10 09:18:04'),
(1, 22, '2020-12-10 09:18:05'),
(2, 47, '2020-12-10 09:18:05'),
(3, 28, '2020-12-10 09:18:05'),
(4, 10, '2020-12-10 09:18:05'),
(5, 46, '2020-12-10 09:18:05'),
(6, 7, '2020-12-10 09:18:05'),
(1, 5, '2020-12-10 09:18:06'),
(2, 11, '2020-12-10 09:18:06'),
(3, 56, '2020-12-10 09:18:06'),
(4, 30, '2020-12-10 09:18:06'),
(5, 10, '2020-12-10 09:18:06'),
(6, 0, '2020-12-10 09:18:06'),
(1, 8, '2020-12-10 09:18:07'),
(2, 31, '2020-12-10 09:18:07'),
(3, 23, '2020-12-10 09:18:07'),
(4, 47, '2020-12-10 09:18:07'),
(5, 16, '2020-12-10 09:18:07'),
(6, 2, '2020-12-10 09:18:07'),
(1, 10, '2020-12-10 09:18:08'),
(2, 3, '2020-12-10 09:18:08'),
(3, 31, '2020-12-10 09:18:08'),
(4, 5, '2020-12-10 09:18:08'),
(5, 46, '2020-12-10 09:18:08'),
(6, 11, '2020-12-10 09:18:08'),
(1, 27, '2020-12-10 09:18:09'),
(2, 42, '2020-12-10 09:18:09'),
(3, 51, '2020-12-10 09:18:09'),
(4, 31, '2020-12-10 09:18:09'),
(5, 25, '2020-12-10 09:18:09'),
(6, 50, '2020-12-10 09:18:09'),
(1, 29, '2020-12-10 09:18:10'),
(2, 49, '2020-12-10 09:18:10'),
(3, 2, '2020-12-10 09:18:10'),
(4, 0, '2020-12-10 09:18:10'),
(5, 8, '2020-12-10 09:18:10'),
(6, 36, '2020-12-10 09:18:10'),
(1, 20, '2020-12-10 09:18:11'),
(2, 48, '2020-12-10 09:18:11'),
(3, 42, '2020-12-10 09:18:11'),
(4, 13, '2020-12-10 09:18:11'),
(5, 15, '2020-12-10 09:18:11'),
(6, 26, '2020-12-10 09:18:11'),
(1, 21, '2020-12-10 09:18:12'),
(2, 41, '2020-12-10 09:18:12'),
(3, 51, '2020-12-10 09:18:12'),
(4, 33, '2020-12-10 09:18:12'),
(5, 40, '2020-12-10 09:18:12'),
(6, 27, '2020-12-10 09:18:12'),
(1, 11, '2020-12-10 09:18:13'),
(2, 2, '2020-12-10 09:18:13'),
(3, 21, '2020-12-10 09:18:13'),
(4, 24, '2020-12-10 09:18:13'),
(5, 29, '2020-12-10 09:18:13'),
(6, 6, '2020-12-10 09:18:13'),
(1, 9, '2020-12-10 09:18:14'),
(2, 24, '2020-12-10 09:18:14'),
(3, 74, '2020-12-10 09:18:14'),
(4, 30, '2020-12-10 09:18:14'),
(5, 14, '2020-12-10 09:18:14'),
(6, 5, '2020-12-10 09:18:14'),
(1, 2, '2020-12-10 09:18:15'),
(2, 49, '2020-12-10 09:18:15'),
(3, 31, '2020-12-10 09:18:15'),
(4, 40, '2020-12-10 09:18:15'),
(5, 50, '2020-12-10 09:18:15'),
(6, 43, '2020-12-10 09:18:15'),
(1, 21, '2020-12-10 09:18:16'),
(2, 13, '2020-12-10 09:18:16'),
(3, 70, '2020-12-10 09:18:16'),
(4, 10, '2020-12-10 09:18:16'),
(5, 13, '2020-12-10 09:18:16'),
(6, 4, '2020-12-10 09:18:16'),
(1, 13, '2020-12-10 09:18:17'),
(2, 39, '2020-12-10 09:18:17'),
(3, 4, '2020-12-10 09:18:17'),
(4, 23, '2020-12-10 09:18:17'),
(5, 30, '2020-12-10 09:18:17'),
(6, 3, '2020-12-10 09:18:17'),
(1, 8, '2020-12-10 09:18:18'),
(2, 34, '2020-12-10 09:18:18'),
(3, 63, '2020-12-10 09:18:18'),
(4, 19, '2020-12-10 09:18:18'),
(5, 27, '2020-12-10 09:18:18'),
(6, 45, '2020-12-10 09:18:18'),
(1, 18, '2020-12-10 09:18:19'),
(2, 32, '2020-12-10 09:18:19'),
(3, 60, '2020-12-10 09:18:19'),
(4, 44, '2020-12-10 09:18:19'),
(5, 15, '2020-12-10 09:18:19'),
(6, 19, '2020-12-10 09:18:19'),
(1, 25, '2020-12-10 09:18:20'),
(2, 43, '2020-12-10 09:18:20'),
(3, 44, '2020-12-10 09:18:20'),
(4, 33, '2020-12-10 09:18:20'),
(5, 6, '2020-12-10 09:18:20'),
(6, 46, '2020-12-10 09:18:20'),
(1, 5, '2020-12-10 09:18:21'),
(2, 39, '2020-12-10 09:18:21'),
(3, 55, '2020-12-10 09:18:21'),
(4, 37, '2020-12-10 09:18:21'),
(5, 15, '2020-12-10 09:18:21'),
(6, 30, '2020-12-10 09:18:21'),
(1, 1, '2020-12-10 09:18:22'),
(2, 48, '2020-12-10 09:18:22'),
(3, 8, '2020-12-10 09:18:22'),
(4, 3, '2020-12-10 09:18:22'),
(5, 15, '2020-12-10 09:18:22'),
(6, 0, '2020-12-10 09:18:22'),
(1, 16, '2020-12-10 09:18:22'),
(2, 9, '2020-12-10 09:18:22'),
(3, 79, '2020-12-10 09:18:22'),
(4, 3, '2020-12-10 09:18:22'),
(5, 1, '2020-12-10 09:18:22'),
(6, 10, '2020-12-10 09:18:22'),
(1, 17, '2020-12-11 09:19:08'),
(2, 25, '2020-12-11 09:19:08'),
(3, 69, '2020-12-11 09:19:08'),
(4, 9, '2020-12-11 09:19:08'),
(5, 32, '2020-12-11 09:19:08'),
(6, 4, '2020-12-11 09:19:08'),
(1, 27, '2020-12-11 09:19:09'),
(2, 47, '2020-12-11 09:19:09'),
(3, 30, '2020-12-11 09:19:09'),
(4, 24, '2020-12-11 09:19:09'),
(5, 40, '2020-12-11 09:19:09'),
(6, 41, '2020-12-11 09:19:09'),
(1, 5, '2020-12-11 09:19:11'),
(2, 35, '2020-12-11 09:19:11'),
(3, 84, '2020-12-11 09:19:11'),
(4, 9, '2020-12-11 09:19:11'),
(5, 45, '2020-12-11 09:19:11'),
(6, 33, '2020-12-11 09:19:11'),
(1, 21, '2020-12-11 09:19:12'),
(2, 3, '2020-12-11 09:19:12'),
(3, 85, '2020-12-11 09:19:12'),
(4, 26, '2020-12-11 09:19:12'),
(5, 31, '2020-12-11 09:19:12'),
(6, 7, '2020-12-11 09:19:12'),
(1, 3, '2020-12-11 09:19:13'),
(2, 20, '2020-12-11 09:19:13'),
(3, 59, '2020-12-11 09:19:13'),
(4, 1, '2020-12-11 09:19:13'),
(5, 47, '2020-12-11 09:19:13'),
(6, 43, '2020-12-11 09:19:13'),
(1, 20, '2020-12-11 09:19:14'),
(2, 3, '2020-12-11 09:19:14'),
(3, 67, '2020-12-11 09:19:14'),
(4, 32, '2020-12-11 09:19:14'),
(5, 31, '2020-12-11 09:19:14'),
(6, 48, '2020-12-11 09:19:14'),
(1, 15, '2020-12-11 09:19:15'),
(2, 32, '2020-12-11 09:19:15'),
(3, 96, '2020-12-11 09:19:15'),
(4, 42, '2020-12-11 09:19:15'),
(5, 47, '2020-12-11 09:19:15'),
(6, 29, '2020-12-11 09:19:15'),
(1, 19, '2020-12-11 09:19:16'),
(2, 10, '2020-12-11 09:19:16'),
(3, 7, '2020-12-11 09:19:16'),
(4, 27, '2020-12-11 09:19:16'),
(5, 40, '2020-12-11 09:19:16'),
(6, 37, '2020-12-11 09:19:16'),
(1, 16, '2020-12-11 09:19:17'),
(2, 18, '2020-12-11 09:19:17'),
(3, 36, '2020-12-11 09:19:17'),
(4, 27, '2020-12-11 09:19:17'),
(5, 7, '2020-12-11 09:19:17'),
(6, 14, '2020-12-11 09:19:17'),
(1, 18, '2020-12-11 09:19:18'),
(2, 9, '2020-12-11 09:19:18'),
(3, 63, '2020-12-11 09:19:18'),
(4, 15, '2020-12-11 09:19:18'),
(5, 33, '2020-12-11 09:19:18'),
(6, 20, '2020-12-11 09:19:18'),
(1, 15, '2020-12-11 09:19:19'),
(2, 21, '2020-12-11 09:19:19'),
(3, 29, '2020-12-11 09:19:19'),
(4, 13, '2020-12-11 09:19:19'),
(5, 11, '2020-12-11 09:19:19'),
(6, 39, '2020-12-11 09:19:19'),
(1, 6, '2020-12-11 09:19:20'),
(2, 18, '2020-12-11 09:19:20'),
(3, 33, '2020-12-11 09:19:20'),
(4, 13, '2020-12-11 09:19:20'),
(5, 47, '2020-12-11 09:19:20'),
(6, 25, '2020-12-11 09:19:20'),
(1, 7, '2020-12-11 09:19:21'),
(2, 38, '2020-12-11 09:19:21'),
(3, 96, '2020-12-11 09:19:21'),
(4, 20, '2020-12-11 09:19:21'),
(5, 42, '2020-12-11 09:19:21'),
(6, 12, '2020-12-11 09:19:21'),
(1, 29, '2020-12-11 09:19:22'),
(2, 18, '2020-12-11 09:19:22'),
(3, 39, '2020-12-11 09:19:22'),
(4, 47, '2020-12-11 09:19:22'),
(5, 27, '2020-12-11 09:19:22'),
(6, 12, '2020-12-11 09:19:22'),
(1, 27, '2020-12-11 09:19:23'),
(2, 48, '2020-12-11 09:19:23'),
(3, 47, '2020-12-11 09:19:23'),
(4, 27, '2020-12-11 09:19:23'),
(5, 41, '2020-12-11 09:19:23'),
(6, 4, '2020-12-11 09:19:23'),
(1, 17, '2020-12-11 09:19:24'),
(2, 42, '2020-12-11 09:19:24'),
(3, 98, '2020-12-11 09:19:24'),
(4, 41, '2020-12-11 09:19:24'),
(5, 17, '2020-12-11 09:19:24'),
(6, 7, '2020-12-11 09:19:24'),
(1, 17, '2020-12-11 09:19:25'),
(2, 13, '2020-12-11 09:19:25'),
(3, 38, '2020-12-11 09:19:25'),
(4, 45, '2020-12-11 09:19:25'),
(5, 47, '2020-12-11 09:19:25'),
(6, 3, '2020-12-11 09:19:25'),
(1, 28, '2020-12-11 09:19:26'),
(2, 42, '2020-12-11 09:19:26'),
(3, 98, '2020-12-11 09:19:26'),
(4, 43, '2020-12-11 09:19:26'),
(5, 44, '2020-12-11 09:19:26'),
(6, 47, '2020-12-11 09:19:26'),
(1, 21, '2020-12-11 09:19:27'),
(2, 10, '2020-12-11 09:19:27'),
(3, 13, '2020-12-11 09:19:27'),
(4, 13, '2020-12-11 09:19:27'),
(5, 31, '2020-12-11 09:19:27'),
(6, 49, '2020-12-11 09:19:27'),
(1, 29, '2020-12-11 09:19:28'),
(2, 35, '2020-12-11 09:19:28'),
(3, 83, '2020-12-11 09:19:28'),
(4, 21, '2020-12-11 09:19:28'),
(5, 38, '2020-12-11 09:19:28'),
(6, 8, '2020-12-11 09:19:28'),
(1, 8, '2020-12-11 09:19:29'),
(2, 44, '2020-12-11 09:19:29'),
(3, 68, '2020-12-11 09:19:29'),
(4, 18, '2020-12-11 09:19:29'),
(5, 19, '2020-12-11 09:19:29'),
(6, 25, '2020-12-11 09:19:29'),
(1, 19, '2020-12-11 09:19:30'),
(2, 11, '2020-12-11 09:19:30'),
(3, 21, '2020-12-11 09:19:30'),
(4, 24, '2020-12-11 09:19:30'),
(5, 19, '2020-12-11 09:19:30'),
(6, 15, '2020-12-11 09:19:30'),
(1, 22, '2020-12-11 09:19:31'),
(2, 6, '2020-12-11 09:19:31'),
(3, 68, '2020-12-11 09:19:31'),
(4, 44, '2020-12-11 09:19:31'),
(5, 6, '2020-12-11 09:19:31'),
(6, 40, '2020-12-11 09:19:31'),
(1, 3, '2020-12-11 09:19:32'),
(2, 46, '2020-12-11 09:19:32'),
(3, 51, '2020-12-11 09:19:32'),
(4, 22, '2020-12-11 09:19:32'),
(5, 2, '2020-12-11 09:19:32'),
(6, 25, '2020-12-11 09:19:32'),
(1, 4, '2020-12-11 09:19:33'),
(2, 16, '2020-12-11 09:19:33'),
(3, 16, '2020-12-11 09:19:33'),
(4, 35, '2020-12-11 09:19:33'),
(5, 44, '2020-12-11 09:19:33'),
(6, 45, '2020-12-11 09:19:33'),
(1, 23, '2020-12-11 09:19:34'),
(2, 8, '2020-12-11 09:19:34'),
(3, 78, '2020-12-11 09:19:34'),
(4, 49, '2020-12-11 09:19:34'),
(5, 10, '2020-12-11 09:19:34'),
(6, 8, '2020-12-11 09:19:34'),
(1, 4, '2020-12-11 09:19:35'),
(2, 39, '2020-12-11 09:19:35'),
(3, 72, '2020-12-11 09:19:35'),
(4, 42, '2020-12-11 09:19:35'),
(5, 37, '2020-12-11 09:19:35'),
(6, 5, '2020-12-11 09:19:35'),
(1, 13, '2020-12-11 09:19:36'),
(2, 17, '2020-12-11 09:19:36'),
(3, 67, '2020-12-11 09:19:36'),
(4, 2, '2020-12-11 09:19:36'),
(5, 13, '2020-12-11 09:19:36'),
(6, 23, '2020-12-11 09:19:36'),
(1, 12, '2020-12-11 09:19:37'),
(2, 3, '2020-12-11 09:19:37'),
(3, 19, '2020-12-11 09:19:37'),
(4, 1, '2020-12-11 09:19:37'),
(5, 26, '2020-12-11 09:19:37'),
(6, 24, '2020-12-11 09:19:37'),
(1, 1, '2020-12-11 09:19:38'),
(2, 17, '2020-12-11 09:19:38'),
(3, 75, '2020-12-11 09:19:38'),
(4, 20, '2020-12-11 09:19:38'),
(5, 7, '2020-12-11 09:19:38'),
(6, 6, '2020-12-11 09:19:38'),
(1, 20, '2020-12-12 09:19:39'),
(2, 3, '2020-12-12 09:19:39'),
(3, 35, '2020-12-12 09:19:39'),
(4, 10, '2020-12-12 09:19:39'),
(5, 45, '2020-12-12 09:19:39'),
(6, 49, '2020-12-12 09:19:39'),
(1, 6, '2020-12-12 09:19:40'),
(2, 27, '2020-12-12 09:19:40'),
(3, 30, '2020-12-12 09:19:40'),
(4, 35, '2020-12-12 09:19:40'),
(5, 42, '2020-12-12 09:19:40'),
(6, 2, '2020-12-12 09:19:40'),
(1, 22, '2020-12-12 09:19:41'),
(2, 38, '2020-12-12 09:19:41'),
(3, 13, '2020-12-12 09:19:41'),
(4, 11, '2020-12-12 09:19:41'),
(5, 42, '2020-12-12 09:19:41'),
(6, 25, '2020-12-12 09:19:41'),
(1, 15, '2020-12-12 09:19:42'),
(2, 16, '2020-12-12 09:19:42'),
(3, 30, '2020-12-12 09:19:42'),
(4, 39, '2020-12-12 09:19:42'),
(5, 43, '2020-12-12 09:19:42'),
(6, 44, '2020-12-12 09:19:42'),
(1, 0, '2020-12-12 09:19:43'),
(2, 48, '2020-12-12 09:19:43'),
(3, 60, '2020-12-12 09:19:43'),
(4, 8, '2020-12-12 09:19:43'),
(5, 20, '2020-12-12 09:19:43'),
(6, 47, '2020-12-12 09:19:43'),
(1, 3, '2020-12-12 09:19:44'),
(2, 40, '2020-12-12 09:19:44'),
(3, 2, '2020-12-12 09:19:44'),
(4, 48, '2020-12-12 09:19:44'),
(5, 4, '2020-12-12 09:19:44'),
(6, 7, '2020-12-12 09:19:44'),
(1, 29, '2020-12-12 09:19:45'),
(2, 47, '2020-12-12 09:19:45'),
(3, 80, '2020-12-12 09:19:45'),
(4, 48, '2020-12-12 09:19:45'),
(5, 36, '2020-12-12 09:19:45'),
(6, 35, '2020-12-12 09:19:45'),
(1, 8, '2020-12-12 09:19:46'),
(2, 35, '2020-12-12 09:19:46'),
(3, 99, '2020-12-12 09:19:46'),
(4, 23, '2020-12-12 09:19:46'),
(5, 45, '2020-12-12 09:19:46'),
(6, 28, '2020-12-12 09:19:46'),
(1, 17, '2020-12-12 09:19:47'),
(2, 24, '2020-12-12 09:19:47'),
(3, 87, '2020-12-12 09:19:47'),
(4, 11, '2020-12-12 09:19:47'),
(5, 12, '2020-12-12 09:19:47'),
(6, 5, '2020-12-12 09:19:47'),
(1, 13, '2020-12-12 09:19:48'),
(2, 33, '2020-12-12 09:19:48'),
(3, 31, '2020-12-12 09:19:48'),
(4, 40, '2020-12-12 09:19:48'),
(5, 18, '2020-12-12 09:19:48'),
(6, 34, '2020-12-12 09:19:48'),
(1, 25, '2020-12-12 09:19:49'),
(2, 36, '2020-12-12 09:19:49'),
(3, 4, '2020-12-12 09:19:49'),
(4, 45, '2020-12-12 09:19:49'),
(5, 18, '2020-12-12 09:19:49'),
(6, 16, '2020-12-12 09:19:49'),
(1, 20, '2020-12-12 09:19:50'),
(2, 39, '2020-12-12 09:19:50'),
(3, 20, '2020-12-12 09:19:50'),
(4, 48, '2020-12-12 09:19:50'),
(5, 27, '2020-12-12 09:19:50'),
(6, 26, '2020-12-12 09:19:50'),
(1, 16, '2020-12-12 09:19:51'),
(2, 40, '2020-12-12 09:19:51'),
(3, 21, '2020-12-12 09:19:51'),
(4, 9, '2020-12-12 09:19:51'),
(5, 42, '2020-12-12 09:19:51'),
(6, 32, '2020-12-12 09:19:51'),
(1, 4, '2020-12-12 09:19:52'),
(2, 30, '2020-12-12 09:19:52'),
(3, 14, '2020-12-12 09:19:52'),
(4, 19, '2020-12-12 09:19:52'),
(5, 10, '2020-12-12 09:19:52'),
(6, 45, '2020-12-12 09:19:52'),
(1, 26, '2020-12-12 09:19:53'),
(2, 37, '2020-12-12 09:19:53'),
(3, 33, '2020-12-12 09:19:53'),
(4, 43, '2020-12-12 09:19:53'),
(5, 35, '2020-12-12 09:19:53'),
(6, 36, '2020-12-12 09:19:53'),
(1, 15, '2020-12-12 09:19:54'),
(2, 4, '2020-12-12 09:19:54'),
(3, 45, '2020-12-12 09:19:54'),
(4, 50, '2020-12-12 09:19:54'),
(5, 38, '2020-12-12 09:19:54'),
(6, 45, '2020-12-12 09:19:54'),
(1, 22, '2020-12-12 09:19:55'),
(2, 49, '2020-12-12 09:19:55'),
(3, 21, '2020-12-12 09:19:55'),
(4, 27, '2020-12-12 09:19:55'),
(5, 45, '2020-12-12 09:19:55'),
(6, 3, '2020-12-12 09:19:55'),
(1, 15, '2020-12-12 09:19:56'),
(2, 11, '2020-12-12 09:19:56'),
(3, 69, '2020-12-12 09:19:56'),
(4, 33, '2020-12-12 09:19:56'),
(5, 38, '2020-12-12 09:19:56'),
(6, 28, '2020-12-12 09:19:56'),
(1, 15, '2020-12-12 09:19:57'),
(2, 46, '2020-12-12 09:19:57'),
(3, 95, '2020-12-12 09:19:57'),
(4, 5, '2020-12-12 09:19:57'),
(5, 48, '2020-12-12 09:19:57'),
(6, 49, '2020-12-12 09:19:57'),
(1, 15, '2020-12-12 09:19:58'),
(2, 13, '2020-12-12 09:19:58'),
(3, 99, '2020-12-12 09:19:58'),
(4, 28, '2020-12-12 09:19:58'),
(5, 26, '2020-12-12 09:19:58'),
(6, 29, '2020-12-12 09:19:58'),
(1, 20, '2020-12-12 09:19:59'),
(2, 13, '2020-12-12 09:19:59'),
(3, 63, '2020-12-12 09:19:59'),
(4, 20, '2020-12-12 09:19:59'),
(5, 16, '2020-12-12 09:19:59'),
(6, 17, '2020-12-12 09:19:59'),
(1, 18, '2020-12-12 09:20:00'),
(2, 9, '2020-12-12 09:20:00'),
(3, 50, '2020-12-12 09:20:00'),
(4, 12, '2020-12-12 09:20:00'),
(5, 33, '2020-12-12 09:20:00'),
(6, 27, '2020-12-12 09:20:00'),
(1, 9, '2020-12-12 09:20:01'),
(2, 12, '2020-12-12 09:20:01'),
(3, 7, '2020-12-12 09:20:01'),
(4, 46, '2020-12-12 09:20:01'),
(5, 34, '2020-12-12 09:20:01'),
(6, 21, '2020-12-12 09:20:01'),
(1, 25, '2020-12-12 09:20:02'),
(2, 45, '2020-12-12 09:20:02'),
(3, 85, '2020-12-12 09:20:02'),
(4, 49, '2020-12-12 09:20:02'),
(5, 30, '2020-12-12 09:20:02'),
(6, 37, '2020-12-12 09:20:02'),
(1, 7, '2020-12-12 09:20:03'),
(2, 4, '2020-12-12 09:20:03'),
(3, 16, '2020-12-12 09:20:03'),
(4, 49, '2020-12-12 09:20:03'),
(5, 0, '2020-12-12 09:20:03'),
(6, 21, '2020-12-12 09:20:03'),
(1, 28, '2020-12-12 09:20:04'),
(2, 2, '2020-12-12 09:20:04'),
(3, 92, '2020-12-12 09:20:04'),
(4, 41, '2020-12-12 09:20:04'),
(5, 30, '2020-12-12 09:20:04'),
(6, 8, '2020-12-12 09:20:04'),
(1, 2, '2020-12-12 09:20:05'),
(2, 30, '2020-12-12 09:20:05'),
(3, 95, '2020-12-12 09:20:05'),
(4, 29, '2020-12-12 09:20:05'),
(5, 43, '2020-12-12 09:20:05'),
(6, 26, '2020-12-12 09:20:05'),
(1, 30, '2020-12-12 09:20:06'),
(2, 15, '2020-12-12 09:20:06'),
(3, 88, '2020-12-12 09:20:06'),
(4, 19, '2020-12-12 09:20:06'),
(5, 29, '2020-12-12 09:20:06'),
(6, 14, '2020-12-12 09:20:06'),
(1, 2, '2020-12-12 09:20:07'),
(2, 14, '2020-12-12 09:20:07'),
(3, 34, '2020-12-12 09:20:07'),
(4, 44, '2020-12-12 09:20:07'),
(5, 35, '2020-12-12 09:20:07'),
(6, 13, '2020-12-12 09:20:07'),
(1, 0, '2020-12-12 09:20:08'),
(2, 24, '2020-12-12 09:20:08'),
(3, 10, '2020-12-12 09:20:08'),
(4, 10, '2020-12-12 09:20:08'),
(5, 49, '2020-12-12 09:20:08'),
(6, 27, '2020-12-12 09:20:08'),
(1, 17, '2020-12-12 09:20:09'),
(2, 34, '2020-12-12 09:20:09'),
(3, 24, '2020-12-12 09:20:09'),
(4, 23, '2020-12-12 09:20:09'),
(5, 34, '2020-12-12 09:20:09'),
(6, 18, '2020-12-12 09:20:09'),
(1, 14, '2020-12-12 09:20:10'),
(2, 0, '2020-12-12 09:20:10'),
(3, 93, '2020-12-12 09:20:10'),
(4, 21, '2020-12-12 09:20:10'),
(5, 2, '2020-12-12 09:20:10'),
(6, 7, '2020-12-12 09:20:10'),
(1, 13, '2020-12-12 09:20:11'),
(2, 45, '2020-12-12 09:20:11'),
(3, 66, '2020-12-12 09:20:11'),
(4, 30, '2020-12-12 09:20:11'),
(5, 30, '2020-12-12 09:20:11'),
(6, 45, '2020-12-12 09:20:11'),
(1, 18, '2020-12-12 09:20:12'),
(2, 35, '2020-12-12 09:20:12'),
(3, 30, '2020-12-12 09:20:12'),
(4, 39, '2020-12-12 09:20:12'),
(5, 1, '2020-12-12 09:20:12'),
(6, 26, '2020-12-12 09:20:12'),
(1, 6, '2020-12-12 09:20:13'),
(2, 19, '2020-12-12 09:20:13'),
(3, 3, '2020-12-12 09:20:13'),
(4, 32, '2020-12-12 09:20:13'),
(5, 10, '2020-12-12 09:20:13'),
(6, 48, '2020-12-12 09:20:13'),
(1, 13, '2020-12-12 09:20:14'),
(2, 34, '2020-12-12 09:20:14'),
(3, 4, '2020-12-12 09:20:14'),
(4, 46, '2020-12-12 09:20:14'),
(5, 46, '2020-12-12 09:20:14'),
(6, 20, '2020-12-12 09:20:14'),
(1, 10, '2020-12-12 09:20:15'),
(2, 11, '2020-12-12 09:20:15'),
(3, 94, '2020-12-12 09:20:15'),
(4, 10, '2020-12-12 09:20:15'),
(5, 21, '2020-12-12 09:20:15'),
(6, 44, '2020-12-12 09:20:15'),
(1, 7, '2020-12-12 09:20:16'),
(2, 3, '2020-12-12 09:20:16'),
(3, 21, '2020-12-12 09:20:16'),
(4, 9, '2020-12-12 09:20:16'),
(5, 7, '2020-12-12 09:20:16'),
(6, 33, '2020-12-12 09:20:16'),
(1, 15, '2020-12-12 09:20:17'),
(2, 11, '2020-12-12 09:20:17'),
(3, 19, '2020-12-12 09:20:17'),
(4, 27, '2020-12-12 09:20:17'),
(5, 31, '2020-12-12 09:20:17'),
(6, 2, '2020-12-12 09:20:17'),
(1, 7, '2020-12-13 09:20:18'),
(2, 14, '2020-12-13 09:20:18'),
(3, 99, '2020-12-13 09:20:18'),
(4, 34, '2020-12-13 09:20:18'),
(5, 9, '2020-12-13 09:20:18'),
(6, 11, '2020-12-13 09:20:18'),
(1, 21, '2020-12-13 09:20:19'),
(2, 45, '2020-12-13 09:20:19'),
(3, 89, '2020-12-13 09:20:19'),
(4, 27, '2020-12-13 09:20:19'),
(5, 27, '2020-12-13 09:20:19'),
(6, 8, '2020-12-13 09:20:19'),
(1, 5, '2020-12-13 09:20:20'),
(2, 45, '2020-12-13 09:20:20'),
(3, 64, '2020-12-13 09:20:20'),
(4, 8, '2020-12-13 09:20:20'),
(5, 3, '2020-12-13 09:20:20'),
(6, 25, '2020-12-13 09:20:20'),
(1, 14, '2020-12-13 09:20:21'),
(2, 21, '2020-12-13 09:20:21'),
(3, 29, '2020-12-13 09:20:21'),
(4, 2, '2020-12-13 09:20:21'),
(5, 39, '2020-12-13 09:20:21'),
(6, 46, '2020-12-13 09:20:21'),
(1, 2, '2020-12-13 09:20:22'),
(2, 28, '2020-12-13 09:20:22'),
(3, 17, '2020-12-13 09:20:22'),
(4, 39, '2020-12-13 09:20:22'),
(5, 37, '2020-12-13 09:20:22'),
(6, 49, '2020-12-13 09:20:22'),
(1, 27, '2020-12-13 09:20:23'),
(2, 42, '2020-12-13 09:20:23'),
(3, 92, '2020-12-13 09:20:23'),
(4, 47, '2020-12-13 09:20:23'),
(5, 4, '2020-12-13 09:20:23'),
(6, 2, '2020-12-13 09:20:23'),
(1, 15, '2020-12-13 09:20:24'),
(2, 28, '2020-12-13 09:20:24'),
(3, 38, '2020-12-13 09:20:24'),
(4, 48, '2020-12-13 09:20:24'),
(5, 24, '2020-12-13 09:20:24'),
(6, 43, '2020-12-13 09:20:24'),
(1, 28, '2020-12-13 09:20:25'),
(2, 41, '2020-12-13 09:20:25'),
(3, 86, '2020-12-13 09:20:25'),
(4, 6, '2020-12-13 09:20:25'),
(5, 8, '2020-12-13 09:20:25'),
(6, 32, '2020-12-13 09:20:25'),
(1, 13, '2020-12-13 09:20:26'),
(2, 14, '2020-12-13 09:20:26'),
(3, 89, '2020-12-13 09:20:26'),
(4, 14, '2020-12-13 09:20:26'),
(5, 42, '2020-12-13 09:20:26'),
(6, 18, '2020-12-13 09:20:26'),
(1, 10, '2020-12-13 09:20:27'),
(2, 12, '2020-12-13 09:20:27'),
(3, 9, '2020-12-13 09:20:27'),
(4, 38, '2020-12-13 09:20:27'),
(5, 32, '2020-12-13 09:20:27'),
(6, 1, '2020-12-13 09:20:27'),
(1, 18, '2020-12-13 09:20:28'),
(2, 2, '2020-12-13 09:20:28'),
(3, 78, '2020-12-13 09:20:28'),
(4, 2, '2020-12-13 09:20:28'),
(5, 44, '2020-12-13 09:20:28'),
(6, 48, '2020-12-13 09:20:28'),
(1, 3, '2020-12-13 09:20:29'),
(2, 19, '2020-12-13 09:20:29'),
(3, 74, '2020-12-13 09:20:29'),
(4, 9, '2020-12-13 09:20:29'),
(5, 9, '2020-12-13 09:20:29'),
(6, 41, '2020-12-13 09:20:29'),
(1, 2, '2020-12-13 09:20:30'),
(2, 29, '2020-12-13 09:20:30'),
(3, 89, '2020-12-13 09:20:30'),
(4, 43, '2020-12-13 09:20:30'),
(5, 16, '2020-12-13 09:20:30'),
(6, 28, '2020-12-13 09:20:30'),
(1, 24, '2020-12-13 09:20:31'),
(2, 5, '2020-12-13 09:20:31'),
(3, 45, '2020-12-13 09:20:31'),
(4, 34, '2020-12-13 09:20:31'),
(5, 2, '2020-12-13 09:20:31'),
(6, 26, '2020-12-13 09:20:31'),
(1, 9, '2020-12-13 09:20:32'),
(2, 30, '2020-12-13 09:20:32'),
(3, 46, '2020-12-13 09:20:32'),
(4, 38, '2020-12-13 09:20:32'),
(5, 17, '2020-12-13 09:20:32'),
(6, 10, '2020-12-13 09:20:32'),
(1, 7, '2020-12-13 09:20:33'),
(2, 25, '2020-12-13 09:20:33'),
(3, 1, '2020-12-13 09:20:33'),
(4, 46, '2020-12-13 09:20:33'),
(5, 14, '2020-12-13 09:20:33'),
(6, 29, '2020-12-13 09:20:33'),
(1, 0, '2020-12-13 09:20:34'),
(2, 29, '2020-12-13 09:20:34'),
(3, 3, '2020-12-13 09:20:34'),
(4, 48, '2020-12-13 09:20:34'),
(5, 12, '2020-12-13 09:20:34'),
(6, 24, '2020-12-13 09:20:34'),
(1, 21, '2020-12-13 09:20:35'),
(2, 2, '2020-12-13 09:20:35'),
(3, 64, '2020-12-13 09:20:35'),
(4, 36, '2020-12-13 09:20:35'),
(5, 4, '2020-12-13 09:20:35'),
(6, 31, '2020-12-13 09:20:35'),
(1, 8, '2020-12-13 09:20:36'),
(2, 35, '2020-12-13 09:20:36'),
(3, 32, '2020-12-13 09:20:36'),
(4, 31, '2020-12-13 09:20:36'),
(5, 45, '2020-12-13 09:20:36'),
(6, 50, '2020-12-13 09:20:36'),
(1, 9, '2020-12-13 09:20:37'),
(2, 8, '2020-12-13 09:20:37'),
(3, 40, '2020-12-13 09:20:37'),
(4, 25, '2020-12-13 09:20:37'),
(5, 35, '2020-12-13 09:20:37'),
(6, 47, '2020-12-13 09:20:37'),
(1, 14, '2020-12-13 09:20:38'),
(2, 36, '2020-12-13 09:20:38'),
(3, 91, '2020-12-13 09:20:38'),
(4, 7, '2020-12-13 09:20:38'),
(5, 47, '2020-12-13 09:20:38'),
(6, 48, '2020-12-13 09:20:38'),
(1, 1, '2020-12-13 09:20:39'),
(2, 45, '2020-12-13 09:20:39'),
(3, 45, '2020-12-13 09:20:39'),
(4, 44, '2020-12-13 09:20:39'),
(5, 27, '2020-12-13 09:20:39'),
(6, 25, '2020-12-13 09:20:39'),
(1, 21, '2020-12-13 09:20:40'),
(2, 35, '2020-12-13 09:20:40'),
(3, 55, '2020-12-13 09:20:40'),
(4, 13, '2020-12-13 09:20:40'),
(5, 30, '2020-12-13 09:20:40'),
(6, 6, '2020-12-13 09:20:40'),
(1, 17, '2020-12-13 09:20:41'),
(2, 8, '2020-12-13 09:20:41'),
(3, 5, '2020-12-13 09:20:41'),
(4, 29, '2020-12-13 09:20:41'),
(5, 18, '2020-12-13 09:20:41'),
(6, 12, '2020-12-13 09:20:41'),
(1, 25, '2020-12-13 09:20:42'),
(2, 16, '2020-12-13 09:20:42'),
(3, 4, '2020-12-13 09:20:42'),
(4, 39, '2020-12-13 09:20:42'),
(5, 48, '2020-12-13 09:20:42'),
(6, 18, '2020-12-13 09:20:42'),
(1, 17, '2020-12-13 09:20:43'),
(2, 26, '2020-12-13 09:20:43'),
(3, 70, '2020-12-13 09:20:43'),
(4, 38, '2020-12-13 09:20:43'),
(5, 25, '2020-12-13 09:20:43'),
(6, 28, '2020-12-13 09:20:43'),
(1, 5, '2020-12-13 09:20:44'),
(2, 32, '2020-12-13 09:20:44'),
(3, 36, '2020-12-13 09:20:44'),
(4, 13, '2020-12-13 09:20:44'),
(5, 32, '2020-12-13 09:20:44'),
(6, 41, '2020-12-13 09:20:44'),
(1, 22, '2020-12-13 09:20:45'),
(2, 30, '2020-12-13 09:20:45'),
(3, 69, '2020-12-13 09:20:45'),
(4, 38, '2020-12-13 09:20:45'),
(5, 48, '2020-12-13 09:20:45'),
(6, 25, '2020-12-13 09:20:45'),
(1, 28, '2020-12-13 09:20:46'),
(2, 43, '2020-12-13 09:20:46'),
(3, 68, '2020-12-13 09:20:46'),
(4, 7, '2020-12-13 09:20:46'),
(5, 47, '2020-12-13 09:20:46'),
(6, 8, '2020-12-13 09:20:46'),
(1, 14, '2020-12-13 09:20:47'),
(2, 32, '2020-12-13 09:20:47'),
(3, 54, '2020-12-13 09:20:47'),
(4, 27, '2020-12-13 09:20:47'),
(5, 50, '2020-12-13 09:20:47'),
(6, 21, '2020-12-13 09:20:47'),
(1, 1, '2020-12-13 09:20:48'),
(2, 30, '2020-12-13 09:20:48'),
(3, 39, '2020-12-13 09:20:48'),
(4, 40, '2020-12-13 09:20:48'),
(5, 10, '2020-12-13 09:20:48'),
(6, 12, '2020-12-13 09:20:48'),
(1, 3, '2020-12-13 09:20:49'),
(2, 19, '2020-12-13 09:20:49'),
(3, 13, '2020-12-13 09:20:49'),
(4, 41, '2020-12-13 09:20:49'),
(5, 19, '2020-12-13 09:20:49'),
(6, 20, '2020-12-13 09:20:49'),
(1, 24, '2020-12-13 09:20:50'),
(2, 21, '2020-12-13 09:20:50'),
(3, 82, '2020-12-13 09:20:50'),
(4, 43, '2020-12-13 09:20:50'),
(5, 36, '2020-12-13 09:20:50'),
(6, 41, '2020-12-13 09:20:50'),
(1, 14, '2020-12-13 09:20:51'),
(2, 48, '2020-12-13 09:20:51'),
(3, 65, '2020-12-13 09:20:51'),
(4, 7, '2020-12-13 09:20:51'),
(5, 6, '2020-12-13 09:20:51'),
(6, 7, '2020-12-13 09:20:51'),
(1, 6, '2020-12-13 09:20:52'),
(2, 37, '2020-12-13 09:20:52'),
(3, 37, '2020-12-13 09:20:52'),
(4, 13, '2020-12-13 09:20:52'),
(5, 3, '2020-12-13 09:20:52'),
(6, 30, '2020-12-13 09:20:52'),
(1, 7, '2020-12-13 09:20:53'),
(2, 1, '2020-12-13 09:20:53'),
(3, 2, '2020-12-13 09:20:53'),
(4, 49, '2020-12-13 09:20:53'),
(5, 14, '2020-12-13 09:20:53'),
(6, 35, '2020-12-13 09:20:53'),
(1, 26, '2020-12-13 09:20:54'),
(2, 35, '2020-12-13 09:20:54'),
(3, 74, '2020-12-13 09:20:54'),
(4, 48, '2020-12-13 09:20:54'),
(5, 40, '2020-12-13 09:20:54'),
(6, 46, '2020-12-13 09:20:54'),
(1, 26, '2020-12-13 09:20:55'),
(2, 11, '2020-12-13 09:20:55'),
(3, 16, '2020-12-13 09:20:55'),
(4, 32, '2020-12-13 09:20:55'),
(5, 3, '2020-12-13 09:20:55'),
(6, 1, '2020-12-13 09:20:55'),
(1, 21, '2020-12-13 09:20:56'),
(2, 14, '2020-12-13 09:20:56'),
(3, 70, '2020-12-13 09:20:56'),
(4, 1, '2020-12-13 09:20:56'),
(5, 5, '2020-12-13 09:20:56'),
(6, 14, '2020-12-13 09:20:56'),
(1, 19, '2020-12-13 09:20:57'),
(2, 43, '2020-12-13 09:20:57'),
(3, 30, '2020-12-13 09:20:57'),
(4, 3, '2020-12-13 09:20:57'),
(5, 45, '2020-12-13 09:20:57'),
(6, 11, '2020-12-13 09:20:57'),
(1, 5, '2020-12-13 09:20:58'),
(2, 35, '2020-12-13 09:20:58'),
(3, 8, '2020-12-13 09:20:58'),
(4, 13, '2020-12-13 09:20:58'),
(5, 30, '2020-12-13 09:20:58'),
(6, 32, '2020-12-13 09:20:58'),
(1, 27, '2020-12-13 09:20:59'),
(2, 17, '2020-12-13 09:20:59'),
(3, 40, '2020-12-13 09:20:59'),
(4, 26, '2020-12-13 09:20:59'),
(5, 32, '2020-12-13 09:20:59'),
(6, 39, '2020-12-13 09:20:59'),
(1, 11, '2020-12-13 09:21:00'),
(2, 3, '2020-12-13 09:21:00'),
(3, 89, '2020-12-13 09:21:00'),
(4, 32, '2020-12-13 09:21:00'),
(5, 0, '2020-12-13 09:21:00'),
(6, 8, '2020-12-13 09:21:00'),
(1, 19, '2020-12-13 09:21:01'),
(2, 23, '2020-12-13 09:21:01'),
(3, 36, '2020-12-13 09:21:01'),
(4, 46, '2020-12-13 09:21:01'),
(5, 26, '2020-12-13 09:21:01'),
(6, 21, '2020-12-13 09:21:01'),
(1, 26, '2020-12-14 09:21:02'),
(2, 46, '2020-12-14 09:21:02'),
(3, 86, '2020-12-14 09:21:02'),
(4, 18, '2020-12-14 09:21:02'),
(5, 2, '2020-12-14 09:21:02'),
(6, 0, '2020-12-14 09:21:02'),
(1, 15, '2020-12-14 09:21:03'),
(2, 45, '2020-12-14 09:21:03'),
(3, 25, '2020-12-14 09:21:03'),
(4, 1, '2020-12-14 09:21:03'),
(5, 11, '2020-12-14 09:21:03'),
(6, 35, '2020-12-14 09:21:03'),
(1, 1, '2020-12-14 09:21:04'),
(2, 44, '2020-12-14 09:21:04'),
(3, 46, '2020-12-14 09:21:04'),
(4, 41, '2020-12-14 09:21:04'),
(5, 34, '2020-12-14 09:21:04'),
(6, 44, '2020-12-14 09:21:04'),
(1, 7, '2020-12-14 09:21:05'),
(2, 43, '2020-12-14 09:21:05'),
(3, 12, '2020-12-14 09:21:05'),
(4, 10, '2020-12-14 09:21:05'),
(5, 20, '2020-12-14 09:21:05'),
(6, 13, '2020-12-14 09:21:05'),
(1, 8, '2020-12-14 09:21:06'),
(2, 2, '2020-12-14 09:21:06'),
(3, 78, '2020-12-14 09:21:06'),
(4, 33, '2020-12-14 09:21:06'),
(5, 25, '2020-12-14 09:21:06'),
(6, 33, '2020-12-14 09:21:06'),
(1, 5, '2020-12-14 09:21:07'),
(2, 21, '2020-12-14 09:21:07'),
(3, 45, '2020-12-14 09:21:07'),
(4, 3, '2020-12-14 09:21:07'),
(5, 34, '2020-12-14 09:21:07'),
(6, 17, '2020-12-14 09:21:07'),
(1, 12, '2020-12-14 09:21:08'),
(2, 8, '2020-12-14 09:21:08'),
(3, 76, '2020-12-14 09:21:08'),
(4, 25, '2020-12-14 09:21:08'),
(5, 27, '2020-12-14 09:21:08'),
(6, 24, '2020-12-14 09:21:08'),
(1, 4, '2020-12-14 09:21:09'),
(2, 18, '2020-12-14 09:21:09'),
(3, 67, '2020-12-14 09:21:09'),
(4, 34, '2020-12-14 09:21:09'),
(5, 42, '2020-12-14 09:21:09'),
(6, 19, '2020-12-14 09:21:09'),
(1, 7, '2020-12-14 09:21:10'),
(2, 29, '2020-12-14 09:21:10'),
(3, 58, '2020-12-14 09:21:10'),
(4, 22, '2020-12-14 09:21:10'),
(5, 32, '2020-12-14 09:21:10'),
(6, 22, '2020-12-14 09:21:10'),
(1, 29, '2020-12-14 09:21:11'),
(2, 32, '2020-12-14 09:21:11'),
(3, 82, '2020-12-14 09:21:11'),
(4, 33, '2020-12-14 09:21:11'),
(5, 14, '2020-12-14 09:21:11'),
(6, 35, '2020-12-14 09:21:11'),
(1, 4, '2020-12-14 09:21:12'),
(2, 39, '2020-12-14 09:21:12'),
(3, 6, '2020-12-14 09:21:12'),
(4, 27, '2020-12-14 09:21:12'),
(5, 22, '2020-12-14 09:21:12'),
(6, 3, '2020-12-14 09:21:12'),
(1, 23, '2020-12-14 09:21:13'),
(2, 35, '2020-12-14 09:21:13'),
(3, 95, '2020-12-14 09:21:13'),
(4, 44, '2020-12-14 09:21:13'),
(5, 37, '2020-12-14 09:21:13'),
(6, 37, '2020-12-14 09:21:13'),
(1, 15, '2020-12-14 09:21:14'),
(2, 25, '2020-12-14 09:21:14'),
(3, 17, '2020-12-14 09:21:14'),
(4, 3, '2020-12-14 09:21:14'),
(5, 7, '2020-12-14 09:21:14'),
(6, 2, '2020-12-14 09:21:14'),
(1, 23, '2020-12-14 09:21:15'),
(2, 26, '2020-12-14 09:21:15'),
(3, 57, '2020-12-14 09:21:15'),
(4, 2, '2020-12-14 09:21:15'),
(5, 17, '2020-12-14 09:21:15'),
(6, 15, '2020-12-14 09:21:15'),
(1, 17, '2020-12-14 09:21:16'),
(2, 7, '2020-12-14 09:21:16'),
(3, 71, '2020-12-14 09:21:16'),
(4, 4, '2020-12-14 09:21:16'),
(5, 32, '2020-12-14 09:21:16'),
(6, 18, '2020-12-14 09:21:16'),
(1, 6, '2020-12-15 09:21:17'),
(2, 5, '2020-12-15 09:21:17'),
(3, 100, '2020-12-15 09:21:17'),
(4, 48, '2020-12-15 09:21:17'),
(5, 25, '2020-12-15 09:21:17'),
(6, 5, '2020-12-15 09:21:17'),
(1, 2, '2020-12-15 09:21:18'),
(2, 32, '2020-12-15 09:21:18'),
(3, 88, '2020-12-15 09:21:18'),
(4, 31, '2020-12-15 09:21:18'),
(5, 19, '2020-12-15 09:21:18'),
(6, 13, '2020-12-15 09:21:18'),
(1, 18, '2020-12-15 09:21:19'),
(2, 46, '2020-12-15 09:21:19'),
(3, 48, '2020-12-15 09:21:19'),
(4, 0, '2020-12-15 09:21:19'),
(5, 10, '2020-12-15 09:21:19'),
(6, 13, '2020-12-15 09:21:19'),
(1, 23, '2020-12-15 09:21:20'),
(2, 37, '2020-12-15 09:21:20'),
(3, 100, '2020-12-15 09:21:20'),
(4, 7, '2020-12-15 09:21:20'),
(5, 12, '2020-12-15 09:21:20'),
(6, 16, '2020-12-15 09:21:20'),
(1, 19, '2020-12-15 09:21:21'),
(2, 35, '2020-12-15 09:21:21'),
(3, 78, '2020-12-15 09:21:21'),
(4, 12, '2020-12-15 09:21:21'),
(5, 6, '2020-12-15 09:21:21'),
(6, 3, '2020-12-15 09:21:21'),
(1, 0, '2020-12-15 09:21:22'),
(2, 44, '2020-12-15 09:21:22'),
(3, 84, '2020-12-15 09:21:22'),
(4, 16, '2020-12-15 09:21:22'),
(5, 37, '2020-12-15 09:21:22'),
(6, 38, '2020-12-15 09:21:22'),
(1, 12, '2020-12-15 09:21:23'),
(2, 25, '2020-12-15 09:21:23'),
(3, 70, '2020-12-15 09:21:23'),
(4, 25, '2020-12-15 09:21:23'),
(5, 18, '2020-12-15 09:21:23'),
(6, 12, '2020-12-15 09:21:23'),
(1, 29, '2020-12-15 09:21:24'),
(2, 9, '2020-12-15 09:21:24'),
(3, 39, '2020-12-15 09:21:24'),
(4, 16, '2020-12-15 09:21:24'),
(5, 20, '2020-12-15 09:21:24'),
(6, 4, '2020-12-15 09:21:24'),
(1, 28, '2020-12-15 09:21:25'),
(2, 21, '2020-12-15 09:21:25'),
(3, 76, '2020-12-15 09:21:25'),
(4, 10, '2020-12-15 09:21:25'),
(5, 5, '2020-12-15 09:21:25'),
(6, 3, '2020-12-15 09:21:25'),
(1, 29, '2020-12-15 09:21:26'),
(2, 23, '2020-12-15 09:21:26'),
(3, 12, '2020-12-15 09:21:26'),
(4, 10, '2020-12-15 09:21:26'),
(5, 15, '2020-12-15 09:21:26'),
(6, 50, '2020-12-15 09:21:26'),
(1, 12, '2020-12-15 09:21:27'),
(2, 30, '2020-12-15 09:21:27'),
(3, 96, '2020-12-15 09:21:27'),
(4, 15, '2020-12-15 09:21:27'),
(5, 8, '2020-12-15 09:21:27'),
(6, 4, '2020-12-15 09:21:27'),
(1, 11, '2020-12-16 09:21:28'),
(2, 9, '2020-12-16 09:21:28'),
(3, 50, '2020-12-16 09:21:28'),
(4, 42, '2020-12-16 09:21:28'),
(5, 34, '2020-12-16 09:21:28'),
(6, 16, '2020-12-16 09:21:28'),
(1, 7, '2020-12-16 09:21:29'),
(2, 6, '2020-12-16 09:21:29'),
(3, 79, '2020-12-16 09:21:29'),
(4, 14, '2020-12-16 09:21:29'),
(5, 24, '2020-12-16 09:21:29'),
(6, 12, '2020-12-16 09:21:29'),
(1, 2, '2020-12-16 09:21:30'),
(2, 37, '2020-12-16 09:21:30'),
(3, 66, '2020-12-16 09:21:30'),
(4, 20, '2020-12-16 09:21:30'),
(5, 44, '2020-12-16 09:21:30'),
(6, 50, '2020-12-16 09:21:30'),
(1, 29, '2020-12-16 09:21:31'),
(2, 18, '2020-12-16 09:21:31'),
(3, 34, '2020-12-16 09:21:31'),
(4, 11, '2020-12-16 09:21:31'),
(5, 31, '2020-12-16 09:21:31'),
(6, 18, '2020-12-16 09:21:31'),
(1, 2, '2020-12-16 09:21:32'),
(2, 43, '2020-12-16 09:21:32'),
(3, 74, '2020-12-16 09:21:32'),
(4, 7, '2020-12-16 09:21:32'),
(5, 40, '2020-12-16 09:21:32'),
(6, 44, '2020-12-16 09:21:32'),
(1, 23, '2020-12-16 09:21:33'),
(2, 23, '2020-12-16 09:21:33'),
(3, 21, '2020-12-16 09:21:33'),
(4, 35, '2020-12-16 09:21:33'),
(5, 38, '2020-12-16 09:21:33'),
(6, 37, '2020-12-16 09:21:33'),
(1, 15, '2020-12-16 09:21:34'),
(2, 41, '2020-12-16 09:21:34'),
(3, 15, '2020-12-16 09:21:34'),
(4, 41, '2020-12-16 09:21:34'),
(5, 14, '2020-12-16 09:21:34'),
(6, 50, '2020-12-16 09:21:34'),
(1, 18, '2020-12-16 09:21:35'),
(2, 10, '2020-12-16 09:21:35'),
(3, 40, '2020-12-16 09:21:35'),
(4, 22, '2020-12-16 09:21:35'),
(5, 26, '2020-12-16 09:21:35'),
(6, 19, '2020-12-16 09:21:35'),
(1, 17, '2020-12-16 09:21:36'),
(2, 10, '2020-12-16 09:21:36'),
(3, 48, '2020-12-16 09:21:36'),
(4, 10, '2020-12-16 09:21:36'),
(5, 43, '2020-12-16 09:21:36'),
(6, 2, '2020-12-16 09:21:36'),
(1, 10, '2020-12-16 09:21:37'),
(2, 41, '2020-12-16 09:21:37'),
(3, 54, '2020-12-16 09:21:37'),
(4, 27, '2020-12-16 09:21:37'),
(5, 28, '2020-12-16 09:21:37'),
(6, 35, '2020-12-16 09:21:37'),
(1, 30, '2020-12-16 09:21:38'),
(2, 46, '2020-12-16 09:21:38'),
(3, 46, '2020-12-16 09:21:38'),
(4, 32, '2020-12-16 09:21:38'),
(5, 17, '2020-12-16 09:21:38'),
(6, 15, '2020-12-16 09:21:38'),
(1, 28, '2020-12-16 09:21:39'),
(2, 27, '2020-12-16 09:21:39'),
(3, 7, '2020-12-16 09:21:39'),
(4, 28, '2020-12-16 09:21:39'),
(5, 6, '2020-12-16 09:21:39'),
(6, 26, '2020-12-16 09:21:39'),
(1, 1, '2020-12-16 09:21:40'),
(2, 8, '2020-12-16 09:21:40'),
(3, 90, '2020-12-16 09:21:40'),
(4, 12, '2020-12-16 09:21:40'),
(5, 1, '2020-12-16 09:21:40'),
(6, 33, '2020-12-16 09:21:40'),
(1, 8, '2020-12-16 09:21:41'),
(2, 1, '2020-12-16 09:21:41'),
(3, 80, '2020-12-16 09:21:41'),
(4, 46, '2020-12-16 09:21:41'),
(5, 22, '2020-12-16 09:21:41'),
(6, 2, '2020-12-16 09:21:41'),
(1, 3, '2020-12-17 09:21:42'),
(2, 32, '2020-12-17 09:21:42'),
(3, 76, '2020-12-17 09:21:42'),
(4, 47, '2020-12-17 09:21:42'),
(5, 16, '2020-12-17 09:21:42'),
(6, 46, '2020-12-17 09:21:42'),
(1, 28, '2020-12-17 09:21:43'),
(2, 49, '2020-12-17 09:21:43'),
(3, 30, '2020-12-17 09:21:43'),
(4, 35, '2020-12-17 09:21:43'),
(5, 25, '2020-12-17 09:21:43'),
(6, 8, '2020-12-17 09:21:43'),
(1, 16, '2020-12-17 09:21:44'),
(2, 4, '2020-12-17 09:21:44'),
(3, 85, '2020-12-17 09:21:44'),
(4, 22, '2020-12-17 09:21:44'),
(5, 36, '2020-12-17 09:21:44'),
(6, 14, '2020-12-17 09:21:44'),
(1, 28, '2020-12-17 09:21:45'),
(2, 1, '2020-12-17 09:21:45'),
(3, 7, '2020-12-17 09:21:45'),
(4, 7, '2020-12-17 09:21:45'),
(5, 13, '2020-12-17 09:21:45'),
(6, 49, '2020-12-17 09:21:45'),
(1, 23, '2020-12-17 09:21:46'),
(2, 8, '2020-12-17 09:21:46'),
(3, 25, '2020-12-17 09:21:46'),
(4, 13, '2020-12-17 09:21:46'),
(5, 22, '2020-12-17 09:21:46'),
(6, 26, '2020-12-17 09:21:46'),
(1, 21, '2020-12-17 09:21:47'),
(2, 37, '2020-12-17 09:21:47'),
(3, 52, '2020-12-17 09:21:47'),
(4, 16, '2020-12-17 09:21:47'),
(5, 19, '2020-12-17 09:21:47'),
(6, 22, '2020-12-17 09:21:47'),
(1, 8, '2020-12-17 09:21:48'),
(2, 19, '2020-12-17 09:21:48'),
(3, 25, '2020-12-17 09:21:48'),
(4, 36, '2020-12-17 09:21:48'),
(5, 29, '2020-12-17 09:21:48'),
(6, 47, '2020-12-17 09:21:48'),
(1, 4, '2020-12-17 09:21:49'),
(2, 39, '2020-12-17 09:21:49'),
(3, 97, '2020-12-17 09:21:49'),
(4, 34, '2020-12-17 09:21:49'),
(5, 44, '2020-12-17 09:21:49'),
(6, 49, '2020-12-17 09:21:49'),
(1, 20, '2020-12-17 09:21:50'),
(2, 11, '2020-12-17 09:21:50'),
(3, 66, '2020-12-17 09:21:50'),
(4, 22, '2020-12-17 09:21:50'),
(5, 48, '2020-12-17 09:21:50'),
(6, 18, '2020-12-17 09:21:50'),
(1, 0, '2020-12-17 09:21:51'),
(2, 38, '2020-12-17 09:21:51'),
(3, 88, '2020-12-17 09:21:51'),
(4, 36, '2020-12-17 09:21:51'),
(5, 18, '2020-12-17 09:21:51'),
(6, 33, '2020-12-17 09:21:51'),
(1, 30, '2020-12-18 09:21:52'),
(2, 38, '2020-12-18 09:21:52'),
(3, 37, '2020-12-18 09:21:52'),
(4, 30, '2020-12-18 09:21:52'),
(5, 26, '2020-12-18 09:21:52'),
(6, 17, '2020-12-18 09:21:52'),
(1, 28, '2020-12-18 09:21:53'),
(2, 7, '2020-12-18 09:21:53'),
(3, 32, '2020-12-18 09:21:53'),
(4, 48, '2020-12-18 09:21:53'),
(5, 27, '2020-12-18 09:21:53'),
(6, 44, '2020-12-18 09:21:53'),
(1, 25, '2020-12-18 09:21:54'),
(2, 15, '2020-12-18 09:21:54'),
(3, 11, '2020-12-18 09:21:54'),
(4, 15, '2020-12-18 09:21:54'),
(5, 42, '2020-12-18 09:21:54'),
(6, 32, '2020-12-18 09:21:54'),
(1, 7, '2020-12-18 09:21:55'),
(2, 22, '2020-12-18 09:21:55'),
(3, 79, '2020-12-18 09:21:55'),
(4, 35, '2020-12-18 09:21:55'),
(5, 12, '2020-12-18 09:21:55'),
(6, 2, '2020-12-18 09:21:55'),
(1, 6, '2020-12-18 09:21:56'),
(2, 17, '2020-12-18 09:21:56'),
(3, 24, '2020-12-18 09:21:56'),
(4, 17, '2020-12-18 09:21:56'),
(5, 10, '2020-12-18 09:21:56'),
(6, 14, '2020-12-18 09:21:56'),
(1, 25, '2020-12-18 09:21:57'),
(2, 46, '2020-12-18 09:21:57'),
(3, 61, '2020-12-18 09:21:57'),
(4, 16, '2020-12-18 09:21:57'),
(5, 21, '2020-12-18 09:21:57'),
(6, 48, '2020-12-18 09:21:57'),
(1, 28, '2020-12-18 09:21:58'),
(2, 43, '2020-12-18 09:21:58'),
(3, 38, '2020-12-18 09:21:58'),
(4, 32, '2020-12-18 09:21:58'),
(5, 42, '2020-12-18 09:21:58'),
(6, 37, '2020-12-18 09:21:58'),
(1, 23, '2020-12-18 09:21:59'),
(2, 29, '2020-12-18 09:21:59'),
(3, 94, '2020-12-18 09:21:59'),
(4, 32, '2020-12-18 09:21:59'),
(5, 24, '2020-12-18 09:21:59'),
(6, 19, '2020-12-18 09:21:59'),
(1, 24, '2020-12-18 09:22:00'),
(2, 26, '2020-12-18 09:22:00'),
(3, 72, '2020-12-18 09:22:00'),
(4, 36, '2020-12-18 09:22:00'),
(5, 10, '2020-12-18 09:22:00'),
(6, 24, '2020-12-18 09:22:00'),
(1, 1, '2020-12-19 09:22:01'),
(2, 18, '2020-12-19 09:22:01'),
(3, 17, '2020-12-19 09:22:01'),
(4, 40, '2020-12-19 09:22:01'),
(5, 30, '2020-12-19 09:22:01'),
(6, 9, '2020-12-19 09:22:01'),
(1, 29, '2020-12-19 09:22:02'),
(2, 6, '2020-12-19 09:22:02'),
(3, 81, '2020-12-19 09:22:02'),
(4, 1, '2020-12-19 09:22:02'),
(5, 29, '2020-12-19 09:22:02'),
(6, 40, '2020-12-19 09:22:02'),
(1, 24, '2020-12-19 09:22:03'),
(2, 22, '2020-12-19 09:22:03'),
(3, 16, '2020-12-19 09:22:03'),
(4, 12, '2020-12-19 09:22:03'),
(5, 24, '2020-12-19 09:22:03'),
(6, 42, '2020-12-19 09:22:03'),
(1, 0, '2020-12-19 09:22:04'),
(2, 15, '2020-12-19 09:22:04'),
(3, 88, '2020-12-19 09:22:04'),
(4, 21, '2020-12-19 09:22:04'),
(5, 35, '2020-12-19 09:22:04'),
(6, 18, '2020-12-19 09:22:04'),
(1, 13, '2020-12-19 09:22:05'),
(2, 17, '2020-12-19 09:22:05'),
(3, 86, '2020-12-19 09:22:05'),
(4, 37, '2020-12-19 09:22:05'),
(5, 1, '2020-12-19 09:22:05'),
(6, 43, '2020-12-19 09:22:05'),
(1, 5, '2020-12-19 09:22:06'),
(2, 2, '2020-12-19 09:22:06'),
(3, 9, '2020-12-19 09:22:06'),
(4, 38, '2020-12-19 09:22:06'),
(5, 34, '2020-12-19 09:22:06'),
(6, 2, '2020-12-19 09:22:06'),
(1, 23, '2020-12-19 09:22:07'),
(2, 48, '2020-12-19 09:22:07'),
(3, 58, '2020-12-19 09:22:07'),
(4, 7, '2020-12-19 09:22:07'),
(5, 48, '2020-12-19 09:22:07'),
(6, 14, '2020-12-19 09:22:07'),
(1, 5, '2020-12-20 09:22:08'),
(2, 11, '2020-12-20 09:22:08'),
(3, 19, '2020-12-20 09:22:08'),
(4, 35, '2020-12-20 09:22:08'),
(5, 20, '2020-12-20 09:22:08'),
(6, 28, '2020-12-20 09:22:08'),
(1, 19, '2020-12-20 09:22:09'),
(2, 12, '2020-12-20 09:22:09'),
(3, 77, '2020-12-20 09:22:09'),
(4, 3, '2020-12-20 09:22:09'),
(5, 32, '2020-12-20 09:22:09'),
(6, 9, '2020-12-20 09:22:09'),
(1, 29, '2020-12-20 09:22:10'),
(2, 22, '2020-12-20 09:22:10'),
(3, 55, '2020-12-20 09:22:10'),
(4, 21, '2020-12-20 09:22:10'),
(5, 2, '2020-12-20 09:22:10'),
(6, 27, '2020-12-20 09:22:10'),
(1, 2, '2020-12-20 09:22:11'),
(2, 13, '2020-12-20 09:22:11'),
(3, 23, '2020-12-20 09:22:11'),
(4, 7, '2020-12-20 09:22:11'),
(5, 6, '2020-12-20 09:22:11'),
(6, 2, '2020-12-20 09:22:11'),
(1, 30, '2020-12-20 09:22:12'),
(2, 8, '2020-12-20 09:22:12'),
(3, 60, '2020-12-20 09:22:12'),
(4, 28, '2020-12-20 09:22:12'),
(5, 5, '2020-12-20 09:22:12'),
(6, 40, '2020-12-20 09:22:12'),
(1, 3, '2020-12-20 09:22:13'),
(2, 50, '2020-12-20 09:22:13'),
(3, 85, '2020-12-20 09:22:13'),
(4, 49, '2020-12-20 09:22:13'),
(5, 38, '2020-12-20 09:22:13'),
(6, 30, '2020-12-20 09:22:13'),
(1, 14, '2020-12-20 09:22:14'),
(2, 42, '2020-12-20 09:22:14'),
(3, 14, '2020-12-20 09:22:14'),
(4, 17, '2020-12-20 09:22:14'),
(5, 6, '2020-12-20 09:22:14'),
(6, 31, '2020-12-20 09:22:14'),
(1, 17, '2020-12-20 09:22:15'),
(2, 5, '2020-12-20 09:22:15'),
(3, 39, '2020-12-20 09:22:15'),
(4, 38, '2020-12-20 09:22:15'),
(5, 3, '2020-12-20 09:22:15'),
(6, 22, '2020-12-20 09:22:15'),
(1, 27, '2020-12-20 09:22:16'),
(2, 34, '2020-12-20 09:22:16'),
(3, 27, '2020-12-20 09:22:16'),
(4, 42, '2020-12-20 09:22:16'),
(5, 34, '2020-12-20 09:22:16'),
(6, 42, '2020-12-20 09:22:16'),
(1, 26, '2020-12-20 09:22:17'),
(2, 46, '2020-12-20 09:22:17'),
(3, 6, '2020-12-20 09:22:17'),
(4, 22, '2020-12-20 09:22:17'),
(5, 21, '2020-12-20 09:22:17'),
(6, 42, '2020-12-20 09:22:17'),
(1, 15, '2020-12-20 09:22:18'),
(2, 9, '2020-12-20 09:22:18'),
(3, 61, '2020-12-20 09:22:18'),
(4, 31, '2020-12-20 09:22:18'),
(5, 46, '2020-12-20 09:22:18'),
(6, 32, '2020-12-20 09:22:18'),
(1, 29, '2020-12-20 09:22:19'),
(2, 14, '2020-12-20 09:22:19'),
(3, 84, '2020-12-20 09:22:19'),
(4, 24, '2020-12-20 09:22:19'),
(5, 10, '2020-12-20 09:22:19'),
(6, 41, '2020-12-20 09:22:19'),
(1, 13, '2020-12-20 09:22:19'),
(2, 2, '2020-12-20 09:22:19'),
(3, 63, '2020-12-20 09:22:19'),
(4, 16, '2020-12-20 09:22:19'),
(5, 36, '2020-12-20 09:22:19'),
(6, 4, '2020-12-20 09:22:19');

-- --------------------------------------------------------

--
-- Table structure for table `taikhoan`
--

CREATE TABLE `taikhoan` (
  `tendangnhap` char(100) NOT NULL,
  `matkhau_hash` char(100) NOT NULL,
  `hovaten` varchar(100) NOT NULL,
  `ngaysinh` date DEFAULT NULL,
  `ngaytao` date NOT NULL,
  `fblink` char(255) NOT NULL,
  `email` char(255) NOT NULL,
  `dienthoai` char(100) NOT NULL,
  `avatar` char(255) NOT NULL,
  `vido` char(100) NOT NULL,
  `kinhdo` char(100) NOT NULL,
  `ma_vaitro` int(11) NOT NULL,
  `thoigiantonghop` time NOT NULL
) ENGINE=InnoDB DEFAULT CHARSET=utf8mb4;

--
-- Dumping data for table `taikhoan`
--

INSERT INTO `taikhoan` (`tendangnhap`, `matkhau_hash`, `hovaten`, `ngaysinh`, `ngaytao`, `fblink`, `email`, `dienthoai`, `avatar`, `vido`, `kinhdo`, `ma_vaitro`, `thoigiantonghop`) VALUES
('gthanhdatpro', '$2y$10$rjRXSsZU.IYhXWRYzLH98uAKQPiIJxIxOUOhYWZhV3czrcszLArXG', 'Giang Thành Đạt', '0000-00-00', '2020-11-17', 'facebook.com/nhock.proboy/', 'gthanhdatpro2@gmail.com', '0836484939', '/ckfinder/userfiles/images/cf9334f0936734c9a5015742dbf4a9f9.jpg', '9.9021517001898', '105.16048908234', 1, '00:13:00'),
('kiendo123', '$2y$10$Pl0JU1jWX2UDnQmFFiJVHu6XHFkmWRN81CG/Iobq4zRTtRltEd/V6', 'Đỗ Trung Kiên', '0000-00-00', '2020-11-18', 'facebook.com/dotrung.kien.92', 'tdho@vnkgu.edu.vn', '0987333939', '/ckfinder/userfiles/images/22549875_1441677312582746_210105358825929349_n.jpg', '10.003042266435', '105.08796215057', 2, '02:20:00');

-- --------------------------------------------------------

--
-- Table structure for table `tramquantrac`
--

CREATE TABLE `tramquantrac` (
  `ma_tram` int(11) NOT NULL,
  `ten_tram` varchar(255) NOT NULL,
  `vi_do` char(100) NOT NULL,
  `kinh_do` char(100) NOT NULL,
  `taikhoan_quanly` char(100) NOT NULL
) ENGINE=InnoDB DEFAULT CHARSET=utf8mb4;

--
-- Dumping data for table `tramquantrac`
--

INSERT INTO `tramquantrac` (`ma_tram`, `ten_tram`, `vi_do`, `kinh_do`, `taikhoan_quanly`) VALUES
(1, 'Nhà máy xử lý rác thải 01', '9.9057139029928', '105.15847893753', 'kiendo123'),
(2, 'Nhà máy xử lý rác thải 02', '9.9471075290604', '105.11397156475', 'gthanhdatpro');

-- --------------------------------------------------------

--
-- Table structure for table `vaitro`
--

CREATE TABLE `vaitro` (
  `ma_vaitro` int(11) NOT NULL,
  `ten_vaitro` varchar(50) NOT NULL
) ENGINE=InnoDB DEFAULT CHARSET=utf8mb4;

--
-- Dumping data for table `vaitro`
--

INSERT INTO `vaitro` (`ma_vaitro`, `ten_vaitro`) VALUES
(1, 'Quản trị viên'),
(2, 'Giám sát viên'),
(3, 'Giám đốc');

-- --------------------------------------------------------

--
-- Table structure for table `vaitro_chucnang`
--

CREATE TABLE `vaitro_chucnang` (
  `ma_phancong` int(11) NOT NULL,
  `ma_vaitro` int(11) NOT NULL,
  `ma_chucnang` int(11) NOT NULL
) ENGINE=InnoDB DEFAULT CHARSET=utf8mb4;

--
-- Dumping data for table `vaitro_chucnang`
--

INSERT INTO `vaitro_chucnang` (`ma_phancong`, `ma_vaitro`, `ma_chucnang`) VALUES
(50, 2, 3),
(51, 2, 1),
(53, 3, 2),
(54, 3, 3),
(55, 3, 4),
(56, 3, 5),
(57, 1, 1),
(58, 1, 2),
(59, 1, 3),
(60, 1, 4);

--
-- Indexes for dumped tables
--

--
-- Indexes for table `cambien`
--
ALTER TABLE `cambien`
  ADD PRIMARY KEY (`ma_cambien`);

--
-- Indexes for table `chucnang`
--
ALTER TABLE `chucnang`
  ADD PRIMARY KEY (`ma_chucnang`);

--
-- Indexes for table `donvido`
--
ALTER TABLE `donvido`
  ADD PRIMARY KEY (`ma_donvi`);

--
-- Indexes for table `giatri`
--
ALTER TABLE `giatri`
  ADD KEY `ma_cambien` (`ma_cambien`);

--
-- Indexes for table `taikhoan`
--
ALTER TABLE `taikhoan`
  ADD PRIMARY KEY (`tendangnhap`);

--
-- Indexes for table `tramquantrac`
--
ALTER TABLE `tramquantrac`
  ADD PRIMARY KEY (`ma_tram`);

--
-- Indexes for table `vaitro`
--
ALTER TABLE `vaitro`
  ADD PRIMARY KEY (`ma_vaitro`);

--
-- Indexes for table `vaitro_chucnang`
--
ALTER TABLE `vaitro_chucnang`
  ADD PRIMARY KEY (`ma_phancong`);

--
-- AUTO_INCREMENT for dumped tables
--

--
-- AUTO_INCREMENT for table `cambien`
--
ALTER TABLE `cambien`
  MODIFY `ma_cambien` int(11) NOT NULL AUTO_INCREMENT, AUTO_INCREMENT=30;

--
-- AUTO_INCREMENT for table `donvido`
--
ALTER TABLE `donvido`
  MODIFY `ma_donvi` int(11) NOT NULL AUTO_INCREMENT, AUTO_INCREMENT=13;

--
-- AUTO_INCREMENT for table `tramquantrac`
--
ALTER TABLE `tramquantrac`
  MODIFY `ma_tram` int(11) NOT NULL AUTO_INCREMENT, AUTO_INCREMENT=6803;

--
-- AUTO_INCREMENT for table `vaitro_chucnang`
--
ALTER TABLE `vaitro_chucnang`
  MODIFY `ma_phancong` int(11) NOT NULL AUTO_INCREMENT, AUTO_INCREMENT=61;
COMMIT;

/*!40101 SET CHARACTER_SET_CLIENT=@OLD_CHARACTER_SET_CLIENT */;
/*!40101 SET CHARACTER_SET_RESULTS=@OLD_CHARACTER_SET_RESULTS */;
/*!40101 SET COLLATION_CONNECTION=@OLD_COLLATION_CONNECTION */;
